Category,URL,Source
Assessing Fashion Needs,https://www.instagram.com/reel/DOxv97ZisjR/,Instagram
Assessing Fashion Needs,https://www.instagram.com/reel/DKZ8mbhqgFO/,Instagram
Assessing Fashion Needs,https://www.instagram.com/reel/DJ2JpMoyQhh/,Instagram
Assessing Fashion Needs,https://www.tiktok.com/@stylingwithkenzie/video/7477320164615212319,Tiktok
Assessing Fashion Needs,https://www.tiktok.com/@bradendaily/video/7497348989700902174,Tiktok
Assessing Fashion Needs,https://www.tiktok.com/@timdessaint/video/7116884769341803782,Tiktok
Assessing Fashion Needs,https://fashionchitchat.substack.com/p/i-have-nothing-to-wear?utm_campaign=post&utm_medium=web,Substack
Assessing Fashion Needs,https://substack.com/home/post/p-149560490?utm_campaign=post&utm_medium=web,Substack
Assessing Fashion Needs,https://misplacedstyle.substack.com/p/create-your-style-strategy,Substack
Assessing Fashion Needs,https://lilacreign.substack.com/p/the-psychology-of-personal-style,Substack
Understanding Fashion Basics,https://www.instagram.com/reel/DO7S8x3jGf0/,Instagram
Understanding Fashion Basics,https://www.tiktok.com/@loveyoumariemuch/video/7374447625489124641,Instagram
Understanding Fashion Basics,https://www.instagram.com/reel/DORA0ZEDm6n/,Instagram
Understanding Fashion Basics,https://www.tiktok.com/@stylingwithkenzie/video/7477320164615212319,Tiktok
Understanding Fashion Basics,https://www.tiktok.com/@navkhuttan/video/7406736851580488992,Tiktok
Understanding Fashion Basics,https://www.tiktok.com/@crwnmason/video/7533330492943256854,Tiktok
Understanding Fashion Basics,https://someusesomewear.substack.com/p/simply-wearing-clothes,Substack
Understanding Fashion Basics,https://bowtiedcerberus.substack.com/p/fashion-basics-for-the-turbo-autist,Substack
Understanding Fashion Basics,https://streetnightlive.substack.com/p/the-ultimate-guide-for-developing,Substack
Understanding Fashion Basics,https://malefashionadvice.substack.com/p/on-the-development-of-personal-style,Substack
Style Principles,https://www.instagram.com/reel/DG4kpn9uuOV/,Instagram
Style Principles,https://www.instagram.com/reel/DKrEMOLNqvZ/,Instagram
Style Principles,https://www.tiktok.com/@itscalbal/video/7543747838459596045,Tiktok
Style Principles,https://www.tiktok.com/@justmacrose/video/7456845188569369899,Tiktok
Style Principles,https://www.tiktok.com/@allisonbornstein6/video/7550328069504945438,Tiktok
Style Principles,https://www.tiktok.com/@everydayelegant/video/7361921065465154862,Tiktok
Style Principles,https://theprepclub.substack.com/p/a-look-at-developing-personal-style,Substack
Style Principles,https://hotroot.substack.com/p/personal-style-series-the-7-principles,Substack
Style Principles,https://thecloset.substack.com/p/how-to-build-a-personal-style-without,Substack
Style Principles,https://mademoisellejaime.substack.com/p/this-simple-styling-principle-changed,Substack
Wardrobe Management,https://www.instagram.com/reel/DN89sH7jK6V/,Instagram
Wardrobe Management,https://www.tiktok.com/@squashbot/video/7509221263689256238,Tiktok
Wardrobe Management,https://www.tiktok.com/@dapperdom/video/7528941133632703757,Tiktok
Wardrobe Management,https://www.tiktok.com/@trindingtopic/video/7502579158166408490,Tiktok
Wardrobe Management,https://www.tiktok.com/@charityshopgirlcsg/video/7255949359441841434,Tiktok
Wardrobe Management,https://www.instagram.com/stylewithangela/reel/DJfAfn3Pv2R/?hl=ar,Instagram
Wardrobe Management,https://abbydavisson.substack.com/p/how-to-make-your-closet-work-harder,Substack
Wardrobe Management,https://postgrowthfashion.substack.com/p/the-unbearable-lightness-of-writing,Substack
Wardrobe Management,https://dianna.substack.com/p/i-accidentally-made-a-capsule-wardrobe,Substack
Wardrobe Management,https://laurakitty.substack.com/p/clotheswise,Substack
Wardrobe Management,https://malefashionadvice.substack.com/p/building-a-basic-wardrobe-v70,Substack
Body Positivity,https://www.instagram.com/reel/DO6fIQ7iNWP/,Instagram
Body Positivity,https://www.instagram.com/reel/DK7dBJRsLRD/,Instagram
Body Positivity,https://www.tiktok.com/@gracetutty/video/7553344925182463254,Tiktok
Body Positivity,https://www.tiktok.com/@frivolousfashion/video/7485284366843776257,Tiktok
Body Positivity,https://www.tiktok.com/@justmacrose/video/7228993751144795434,Tiktok
Body Positivity,https://www.tiktok.com/@billieraebrandt/video/7389336253423979818,Tiktok
Body Positivity,https://unchartedterritories.tomaspueyo.com/p/why-we-dress-the-way-we-dress?utm_campaign=post&utm_medium=web,Substack
Body Positivity,https://bowtiedapollo.substack.com/p/introduction-to-fit-mens-fashion,Substack
Body Positivity,https://dtem2443.substack.com/p/bodies-in-fashion,Substack
Body Positivity,https://bodypositivehome.substack.com/p/the-8-core-beliefs-of-a-body-positive,Substack
Occasion and Context,https://www.tiktok.com/@davidabittan7/video/6940051773943975173,Tiktok
Occasion and Context,https://www.tiktok.com/@treybryantstyle/video/7477269393521790254,Tiktok
Occasion and Context,https://www.instagram.com/reels/DLHlc1jvFiX/,Instagram
Occasion and Context,https://www.instagram.com/reel/DH6YK6fMc-a/,Instagram
Occasion and Context,https://www.tiktok.com/@williamhansonetiquette/video/7417904245623606561,Tiktok
Occasion and Context,https://www.tiktok.com/@lydiajanetomlinson/video/7507292584843382018,Tiktok
Occasion and Context,https://mmlafleur.substack.com/p/what-to-wear-for-every-special-occasion,Substack
Occasion and Context,https://onesizefitsall.substack.com/p/the-wonderful-secret-behind-dressing,Substack
Occasion and Context,https://yourmomfriend.substack.com/p/issue-107-how-to-dress-for-a-night,Substack
Occasion and Context,https://thefoundjournal.substack.com/p/lets-talk-event-dressing,Substack
Sourcing Specific Pieces,https://www.instagram.com/reel/DLhehboBc2a/,Instagram
Sourcing Specific Pieces,https://www.tiktok.com/@chez.colleen/video/7488451891345526058,Tiktok
Sourcing Specific Pieces,https://www.instagram.com/reel/Cvuhk8Tt9Pq/,Instagram
Sourcing Specific Pieces,https://www.tiktok.com/@emmanoodlee/video/7329985561123474721,Tiktok
Sourcing Specific Pieces,https://www.tiktok.com/@2.jeremy/video/7525534855925370143,Tiktok
Sourcing Specific Pieces,https://www.tiktok.com/@stylingwithkenzie/video/7380487341934169375,Tiktok
Sourcing Specific Pieces,https://malefashionadvice.substack.com/p/as-promised-my-guide-to-thrifting,Substack
Sourcing Specific Pieces,https://substack.com/home/post/p-151577200?utm_campaign=post&utm_medium=web,Substack
Sourcing Specific Pieces,https://thestylishapple.substack.com/p/the-ultimate-guide-to-shopping-secondhand?utm_campaign=post&utm_medium=web,Substack
Sourcing Specific Pieces,https://fashionvrse.substack.com/p/the-best-places-for-online-vintage,Substack
Understanding Sustainable Fashion,https://www.tiktok.com/@sustainablefashionfriend/video/7528065525788839170,Tiktok
Understanding Sustainable Fashion,https://www.tiktok.com/@sustainablefashionfriend/video/7307955395857812768,Tiktok
Understanding Sustainable Fashion,https://www.tiktok.com/@anacarolinaharo/video/7514838915728133406,Tiktok
Understanding Sustainable Fashion,https://www.tiktok.com/@itspaogon_/video/7453981122930707754,Instagram
Understanding Sustainable Fashion,https://www.instagram.com/reel/DGdiU6WItHq/,Instagram
Understanding Sustainable Fashion,https://www.tiktok.com/@sustainablefashionfriend/video/7544276169294630166,Tiktok
Understanding Sustainable Fashion,https://theelephantinmywardrobe.substack.com/p/sustainable-fashion-consumption-isnt,Substack
Understanding Sustainable Fashion,https://substack.com/home/post/p-151658240?utm_campaign=post&utm_medium=web,Substack
Understanding Sustainable Fashion,https://amyodell.substack.com/p/how-sustainable-fashion-became-a,Substack
Understanding Sustainable Fashion,https://substack.com/home/post/p-152788937?utm_campaign=post&utm_medium=web,Substack
Cultural Awareness,https://www.tiktok.com/@ellad3vi/video/7525917346880425246,Tiktok
Cultural Awareness,https://www.tiktok.com/@okaywendyy/video/6908355946901163266,Tiktok
Cultural Awareness,https://www.tiktok.com/@hangingwithmr.jones/video/7541875875839626509,Tiktok
Cultural Awareness,https://www.tiktok.com/@frontoffice.co/video/7494875699333975303,Tiktok
Cultural Awareness,https://www.instagram.com/reel/DNcAWCmvY64/,Instagram
Cultural Awareness,https://www.instagram.com/reel/DKqLpovshiQ/,Instagram
Cultural Awareness,https://substack.com/home/post/p-174009109,Substack
Cultural Awareness,https://gracielamartin.substack.com/p/cultural-appropriation-identity-cliches,Substack
Cultural Awareness,https://ghv2025.substack.com/p/fashion-cultural-pride-rebellion,Substack
Cultural Awareness,https://artindexafrica.substack.com/p/from-culture-to-couture-african-arts,Substack