Category,URL,Source,Time_Spent_Minutes,Upvotes,Views,Engagement_Score,Content_Type,Difficulty_Level,Trending_Score,Preview_Image_URL
Assessing Fashion Needs,https://www.instagram.com/reel/DOxv97ZisjR/,Instagram,8.5,127,2340,0.89,Video,Intermediate,0.92,
Assessing Fashion Needs,https://www.instagram.com/reel/DKZ8mbhqgFO/,Instagram,6.2,89,1890,0.76,Video,Beginner,0.78,
Assessing Fashion Needs,https://www.instagram.com/reel/DJ2JpMoyQhh/,Instagram,7.8,156,3120,0.85,Video,Intermediate,0.88,
Assessing Fashion Needs,https://www.tiktok.com/@stylingwithkenzie/video/7477320164615212319,Tiktok,4.3,203,4560,0.91,Video,Beginner,0.95,/previews/assessing-fashion-needs-3-1762623691141.jpg
Assessing Fashion Needs,https://www.tiktok.com/@bradendaily/video/7497348989700902174,Tiktok,5.1,178,3890,0.87,Video,Intermediate,0.89,/previews/assessing-fashion-needs-4-1762623694826.jpg
Assessing Fashion Needs,https://www.tiktok.com/@timdessaint/video/7116884769341803782,Tiktok,6.7,234,5120,0.94,Video,Advanced,0.96,/previews/assessing-fashion-needs-5-1762623697790.jpg
Assessing Fashion Needs,https://fashionchitchat.substack.com/p/i-have-nothing-to-wear?utm_campaign=post&utm_medium=web,Substack,12.4,67,890,0.72,Article,Intermediate,0.65,"https://substackcdn.com/image/fetch/$s_!viYV!,w_1200,h_600,c_fill,f_jpg,q_auto:good,fl_progressive:steep,g_auto/https%3A%2F%2Fsubstack-post-media.s3.amazonaws.com%2Fpublic%2Fimages%2Fd0046e69-e947-47a3-b03c-410948e79da9_3300x2550.heic"
Assessing Fashion Needs,https://substack.com/home/post/p-149560490?utm_campaign=post&utm_medium=web,Substack,15.2,45,670,0.68,Article,Advanced,0.58,
Assessing Fashion Needs,https://misplacedstyle.substack.com/p/create-your-style-strategy,Substack,18.7,89,1230,0.81,Article,Advanced,0.72,"https://substackcdn.com/image/fetch/$s_!tf8S!,w_1200,h_600,c_fill,f_jpg,q_auto:good,fl_progressive:steep,g_auto/https%3A%2F%2Fsubstack-post-media.s3.amazonaws.com%2Fpublic%2Fimages%2F5ad22379-acc6-4604-8f33-4c051c3e2505.heic"
Assessing Fashion Needs,https://lilacreign.substack.com/p/the-psychology-of-personal-style,Substack,22.1,134,1890,0.88,Article,Advanced,0.85,"https://substackcdn.com/image/fetch/$s_!0Hds!,w_1200,h_600,c_fill,f_jpg,q_auto:good,fl_progressive:steep,g_auto/https%3A%2F%2Fsubstack-video.s3.amazonaws.com%2Fvideo_upload%2Fpost%2F160630496%2Fddacb00f-caee-4e76-9440-06f87583a3b1%2Ftranscoded-1743836250.png"
Understanding Fashion Basics,https://www.instagram.com/reel/DO7S8x3jGf0/,Instagram,9.2,198,4230,0.93,Video,Beginner,0.91,
Understanding Fashion Basics,https://www.tiktok.com/@loveyoumariemuch/video/7374447625489124641,Instagram,5.8,145,3560,0.84,Video,Beginner,0.86,/previews/understanding-fashion-basics-11-1762623715422.jpg
Understanding Fashion Basics,https://www.instagram.com/reel/DORA0ZEDm6n/,Instagram,7.3,167,3890,0.87,Video,Intermediate,0.89,
Understanding Fashion Basics,https://www.tiktok.com/@stylingwithkenzie/video/7477320164615212319,Tiktok,4.1,189,4120,0.89,Video,Beginner,0.87,/previews/understanding-fashion-basics-13-1762623720234.jpg
Understanding Fashion Basics,https://www.tiktok.com/@navkhuttan/video/7406736851580488992,Tiktok,6.4,223,4780,0.92,Video,Intermediate,0.94,/previews/understanding-fashion-basics-14-1762623722994.jpg
Understanding Fashion Basics,https://www.tiktok.com/@crwnmason/video/7533330492943256854,Tiktok,5.9,156,3450,0.85,Video,Intermediate,0.82,/previews/understanding-fashion-basics-15-1762623725830.jpg
Understanding Fashion Basics,https://someusesomewear.substack.com/p/simply-wearing-clothes,Substack,14.6,78,1120,0.75,Article,Intermediate,0.68,"https://substackcdn.com/image/fetch/$s_!U3dY!,w_1200,h_600,c_fill,f_jpg,q_auto:good,fl_progressive:steep,g_auto/https%3A%2F%2Fsubstack-post-media.s3.amazonaws.com%2Fpublic%2Fimages%2Fe43ea95f-ec9b-470c-b865-f4979bf9064d_1920x1080.png"
Understanding Fashion Basics,https://bowtiedcerberus.substack.com/p/fashion-basics-for-the-turbo-autist,Substack,16.8,92,1450,0.79,Article,Advanced,0.71,"https://substackcdn.com/image/fetch/$s_!O8vd!,w_1200,h_600,c_fill,f_jpg,q_auto:good,fl_progressive:steep,g_auto/https%3A%2F%2Fbucketeer-e05bbc84-baa3-437e-9518-adb32be77984.s3.amazonaws.com%2Fpublic%2Fimages%2Ff722f69c-40c9-4370-b117-011527d420dd_603x371.png"
Understanding Fashion Basics,https://streetnightlive.substack.com/p/the-ultimate-guide-for-developing,Substack,19.3,156,2130,0.86,Article,Advanced,0.83,"https://substackcdn.com/image/fetch/$s_!LlUp!,w_1200,h_600,c_fill,f_jpg,q_auto:good,fl_progressive:steep,g_auto/https%3A%2F%2Fsubstack-post-media.s3.amazonaws.com%2Fpublic%2Fimages%2Fa6097e58-f0c0-405a-bb72-1ab7a225f165_2177x1504.png"
Understanding Fashion Basics,https://malefashionadvice.substack.com/p/on-the-development-of-personal-style,Substack,21.7,189,2670,0.91,Article,Advanced,0.88,"https://substackcdn.com/image/fetch/$s_!d4Ge!,w_1200,h_600,c_fill,f_jpg,q_auto:good,fl_progressive:steep,g_auto/https%3A%2F%2Fsubstack-post-media.s3.amazonaws.com%2Fpublic%2Fimages%2Ff492a5fc-d3ec-4f45-8941-dfe3b2607873_975x975.png"
Style Principles,https://www.instagram.com/reel/DG4kpn9uuOV/,Instagram,8.7,145,3120,0.82,Video,Intermediate,0.79,
Style Principles,https://www.instagram.com/reel/DKrEMOLNqvZ/,Instagram,7.1,123,2780,0.78,Video,Intermediate,0.75,
Style Principles,https://www.tiktok.com/@itscalbal/video/7543747838459596045,Tiktok,4.8,167,3890,0.86,Video,Intermediate,0.88,/previews/style-principles-22-1762623743331.jpg
Style Principles,https://www.tiktok.com/@justmacrose/video/7456845188569369899,Tiktok,5.6,189,4120,0.89,Video,Intermediate,0.91,/previews/style-principles-23-1762623746473.jpg
Style Principles,https://www.tiktok.com/@allisonbornstein6/video/7550328069504945438,Tiktok,6.2,201,4560,0.92,Video,Advanced,0.94,/previews/style-principles-24-1762623748440.jpg
Style Principles,https://www.tiktok.com/@everydayelegant/video/7361921065465154862,Tiktok,5.3,134,3120,0.81,Video,Intermediate,0.78,/previews/style-principles-25-1762623749362.jpg
Style Principles,https://theprepclub.substack.com/p/a-look-at-developing-personal-style,Substack,17.4,89,1340,0.77,Article,Advanced,0.72,"https://substackcdn.com/image/fetch/$s_!IYwA!,w_1200,h_600,c_fill,f_jpg,q_auto:good,fl_progressive:steep,g_auto/https%3A%2F%2Fsubstack-post-media.s3.amazonaws.com%2Fpublic%2Fimages%2Fb9c1a10a-4e5b-4649-bee5-38c2241b187b_1170x2061.jpeg"
Style Principles,https://hotroot.substack.com/p/personal-style-series-the-7-principles,Substack,20.1,156,1890,0.84,Article,Advanced,0.81,"https://substackcdn.com/image/fetch/$s_!_yaC!,w_1200,h_600,c_fill,f_jpg,q_auto:good,fl_progressive:steep,g_auto/https%3A%2F%2Fsubstack-post-media.s3.amazonaws.com%2Fpublic%2Fimages%2Fe48c50e0-04de-4cbe-a400-5c4409c2e9ba_945x675.png"
Style Principles,https://thecloset.substack.com/p/how-to-build-a-personal-style-without,Substack,18.9,134,1670,0.81,Article,Advanced,0.78,"https://substackcdn.com/image/fetch/$s_!cWV0!,w_1200,h_600,c_fill,f_jpg,q_auto:good,fl_progressive:steep,g_auto/https%3A%2F%2Fsubstack-post-media.s3.amazonaws.com%2Fpublic%2Fimages%2F18b2cc20-733b-4e90-b0df-eecbbc5c5e2d_4096x3072.jpeg"
Style Principles,https://mademoisellejaime.substack.com/p/this-simple-styling-principle-changed,Substack,16.2,112,1450,0.79,Article,Intermediate,0.74,"https://substackcdn.com/image/fetch/$s_!wpCI!,w_1200,h_600,c_fill,f_jpg,q_auto:good,fl_progressive:steep,g_auto/https%3A%2F%2Fsubstack-post-media.s3.amazonaws.com%2Fpublic%2Fimages%2Ff8aaa803-2f01-46e0-a997-c5fa2522da37_3024x4032.heic"
Wardrobe Management,https://www.instagram.com/reel/DN89sH7jK6V/,Instagram,9.8,178,3890,0.88,Video,Intermediate,0.85,
Wardrobe Management,https://www.tiktok.com/@squashbot/video/7509221263689256238,Tiktok,5.4,201,4560,0.91,Video,Intermediate,0.93,/previews/wardrobe-management-31-1762623752179.jpg
Wardrobe Management,https://www.tiktok.com/@dapperdom/video/7528941133632703757,Tiktok,6.7,189,4120,0.89,Video,Advanced,0.87,/previews/wardrobe-management-32-1762623755205.jpg
Wardrobe Management,https://www.tiktok.com/@trindingtopic/video/7502579158166408490,Tiktok,4.9,156,3450,0.84,Video,Intermediate,0.81,/previews/wardrobe-management-33-1762623758146.jpg
Wardrobe Management,https://www.tiktok.com/@charityshopgirlcsg/video/7255949359441841434,Tiktok,7.2,223,4780,0.94,Video,Advanced,0.96,/previews/wardrobe-management-34-1762623760974.jpg
Wardrobe Management,https://www.instagram.com/stylewithangela/reel/DJfAfn3Pv2R/?hl=ar,Instagram,8.1,145,3120,0.82,Video,Intermediate,0.79,
Wardrobe Management,https://abbydavisson.substack.com/p/how-to-make-your-closet-work-harder,Substack,15.7,98,1230,0.76,Article,Intermediate,0.69,"https://substackcdn.com/image/fetch/$s_!73Oh!,w_1200,h_600,c_fill,f_jpg,q_auto:good,fl_progressive:steep,g_auto/https%3A%2F%2Fsubstack-post-media.s3.amazonaws.com%2Fpublic%2Fimages%2F523444c8-1aa5-4bd3-8cd0-eb89d7eca362_1372x1830.heic"
Wardrobe Management,https://postgrowthfashion.substack.com/p/the-unbearable-lightness-of-writing,Substack,18.3,112,1450,0.79,Article,Advanced,0.72,"https://substackcdn.com/image/fetch/$s_!Ytuw!,w_1200,h_600,c_fill,f_jpg,q_auto:good,fl_progressive:steep,g_auto/https%3A%2F%2Fsubstack-post-media.s3.amazonaws.com%2Fpublic%2Fimages%2Ff657f447-287b-47a6-a2db-a7dbb6d35dbb_1080x1589.jpeg"
Wardrobe Management,https://dianna.substack.com/p/i-accidentally-made-a-capsule-wardrobe,Substack,16.9,134,1670,0.81,Article,Intermediate,0.75,"https://substackcdn.com/image/fetch/$s_!w5K4!,w_1200,h_600,c_fill,f_jpg,q_auto:good,fl_progressive:steep,g_auto/https%3A%2F%2Fsubstack-post-media.s3.amazonaws.com%2Fpublic%2Fimages%2F72bd19aa-36f9-48e9-a3ce-1aaf53e911b2_1667x2500.jpeg"
Wardrobe Management,https://laurakitty.substack.com/p/clotheswise,Substack,14.2,89,1120,0.74,Article,Intermediate,0.67,"https://substackcdn.com/image/fetch/$s_!PtRq!,w_1200,h_600,c_fill,f_jpg,q_auto:good,fl_progressive:steep,g_auto/https%3A%2F%2Fsubstack-post-media.s3.amazonaws.com%2Fpublic%2Fimages%2F74db16b9-2064-4ef0-a215-767393c02d9e_1360x974.png"
Wardrobe Management,https://malefashionadvice.substack.com/p/building-a-basic-wardrobe-v70,Substack,19.8,167,2130,0.85,Article,Advanced,0.82,"https://substackcdn.com/image/fetch/$s_!z5hb!,w_1200,h_600,c_fill,f_jpg,q_auto:good,fl_progressive:steep,g_auto/https%3A%2F%2Fsubstack-post-media.s3.amazonaws.com%2Fpublic%2Fimages%2F335c4516-f71b-4174-a459-6118c4f52959_5700x8088.jpeg"
Body Positivity,https://www.instagram.com/reel/DO6fIQ7iNWP/,Instagram,10.2,234,5120,0.95,Video,Advanced,0.97,
Body Positivity,https://www.instagram.com/reel/DK7dBJRsLRD/,Instagram,8.9,189,4120,0.89,Video,Intermediate,0.91,
Body Positivity,https://www.tiktok.com/@gracetutty/video/7553344925182463254,Tiktok,6.1,201,4560,0.92,Video,Intermediate,0.94,/previews/body-positivity-43-1762623781504.jpg
Body Positivity,https://www.tiktok.com/@frivolousfashion/video/7485284366843776257,Tiktok,5.7,178,3890,0.87,Video,Intermediate,0.89,/previews/body-positivity-44-1762623784563.jpg
Body Positivity,https://www.tiktok.com/@justmacrose/video/7228993751144795434,Tiktok,7.4,223,4780,0.94,Video,Advanced,0.96,/previews/body-positivity-45-1762623787362.jpg
Body Positivity,https://www.tiktok.com/@billieraebrandt/video/7389336253423979818,Tiktok,6.8,189,4120,0.89,Video,Intermediate,0.91,/previews/body-positivity-46-1762623790218.jpg
Body Positivity,https://unchartedterritories.tomaspueyo.com/p/why-we-dress-the-way-we-dress?utm_campaign=post&utm_medium=web,Substack,24.6,156,1890,0.88,Article,Advanced,0.85,"https://substackcdn.com/image/fetch/$s_!1FXv!,w_1200,h_600,c_fill,f_jpg,q_auto:good,fl_progressive:steep,g_auto/https%3A%2F%2Fsubstack-post-media.s3.amazonaws.com%2Fpublic%2Fimages%2F859642bc-98b0-4cb8-becf-cc9766c9189d_790x972.png"
Body Positivity,https://bowtiedapollo.substack.com/p/introduction-to-fit-mens-fashion,Substack,18.7,134,1670,0.81,Article,Advanced,0.78,"https://substackcdn.com/image/fetch/$s_!udUD!,w_1200,h_600,c_fill,f_jpg,q_auto:good,fl_progressive:steep,g_auto/https%3A%2F%2Fbucketeer-e05bbc84-baa3-437e-9518-adb32be77984.s3.amazonaws.com%2Fpublic%2Fimages%2F1ffbdea3-53ad-43b8-929b-cb58fc251759_769x511.jpeg"
Body Positivity,https://dtem2443.substack.com/p/bodies-in-fashion,Substack,21.3,189,2130,0.86,Article,Advanced,0.83,"https://substackcdn.com/image/fetch/$s_!22Ch!,w_1200,h_600,c_fill,f_jpg,q_auto:good,fl_progressive:steep,g_auto/https%3A%2F%2Fsubstack-post-media.s3.amazonaws.com%2Fpublic%2Fimages%2F2b730965-fbdf-4a9c-aff7-e292a0c5fd97_640x1600.jpeg"
Body Positivity,https://bodypositivehome.substack.com/p/the-8-core-beliefs-of-a-body-positive,Substack,19.9,201,2340,0.89,Article,Advanced,0.87,"https://substackcdn.com/image/fetch/$s_!uTlP!,w_1200,h_600,c_fill,f_jpg,q_auto:good,fl_progressive:steep,g_auto/https%3A%2F%2Fsubstack-post-media.s3.amazonaws.com%2Fpublic%2Fimages%2Fa7e4e4b6-8f1d-4f71-a6f9-ee6ebf49892c_1500x750.png"
Occasion and Context,https://www.tiktok.com/@davidabittan7/video/6940051773943975173,Tiktok,5.2,145,3120,0.82,Video,Intermediate,0.79,/previews/occasion-and-context-51-1762623793011.jpg
Occasion and Context,https://www.tiktok.com/@treybryantstyle/video/7477269393521790254,Tiktok,6.8,167,3890,0.86,Video,Intermediate,0.88,/previews/occasion-and-context-52-1762623794700.jpg
Occasion and Context,https://www.instagram.com/reels/DLHlc1jvFiX/,Instagram,8.4,123,2780,0.78,Video,Intermediate,0.75,/previews/occasion-and-context-53-1762623796941.jpg
Occasion and Context,https://www.instagram.com/reel/DH6YK6fMc-a/,Instagram,7.6,156,3450,0.84,Video,Intermediate,0.81,/previews/occasion-and-context-54-1762623800493.jpg
Occasion and Context,https://www.tiktok.com/@williamhansonetiquette/video/7417904245623606561,Tiktok,9.1,189,4120,0.89,Video,Advanced,0.91,/previews/occasion-and-context-55-1762623800161.jpg
Occasion and Context,https://www.tiktok.com/@lydiajanetomlinson/video/7507292584843382018,Tiktok,6.3,134,3120,0.81,Video,Intermediate,0.78,/previews/occasion-and-context-56-1762623803289.jpg
Occasion and Context,https://mmlafleur.substack.com/p/what-to-wear-for-every-special-occasion,Substack,16.4,112,1450,0.79,Article,Intermediate,0.72,"https://substackcdn.com/image/fetch/$s_!GzPG!,w_1200,h_600,c_fill,f_jpg,q_auto:good,fl_progressive:steep,g_auto/https%3A%2F%2Fsubstack-post-media.s3.amazonaws.com%2Fpublic%2Fimages%2F65efd87c-df1a-494b-a105-2f16d6018b75_2160x1350.jpeg"
Occasion and Context,https://onesizefitsall.substack.com/p/the-wonderful-secret-behind-dressing,Substack,18.7,134,1670,0.81,Article,Advanced,0.78,"https://substackcdn.com/image/fetch/$s_!UFb0!,w_1200,h_600,c_fill,f_jpg,q_auto:good,fl_progressive:steep,g_auto/https%3A%2F%2Fsubstack-post-media.s3.amazonaws.com%2Fpublic%2Fimages%2F376330c8-7369-4fcf-8367-89c0efb21989_1456x1048.jpeg"
Occasion and Context,https://yourmomfriend.substack.com/p/issue-107-how-to-dress-for-a-night,Substack,15.9,98,1230,0.76,Article,Intermediate,0.69,"https://substackcdn.com/image/fetch/$s_!72VS!,w_1200,h_600,c_fill,f_jpg,q_auto:good,fl_progressive:steep,g_auto/https%3A%2F%2Fsubstack-post-media.s3.amazonaws.com%2Fpublic%2Fimages%2F3512580b-387e-4b79-8d38-098de37d402a_782x918.png"
Occasion and Context,https://thefoundjournal.substack.com/p/lets-talk-event-dressing,Substack,17.8,123,1450,0.78,Article,Intermediate,0.74,"https://substackcdn.com/image/fetch/$s_!TWC2!,w_1200,h_600,c_fill,f_jpg,q_auto:good,fl_progressive:steep,g_auto/https%3A%2F%2Fsubstack-post-media.s3.amazonaws.com%2Fpublic%2Fimages%2Fb7ac4743-404f-43f6-a245-ec81e5fa32c4_498x832.png"
Sourcing Specific Pieces,https://www.instagram.com/reel/DLhehboBc2a/,Instagram,7.9,167,3890,0.86,Video,Intermediate,0.88,/previews/sourcing-specific-pieces-61-1762623802815.jpg
Sourcing Specific Pieces,https://www.tiktok.com/@chez.colleen/video/7488451891345526058,Tiktok,5.6,189,4120,0.89,Video,Intermediate,0.91,/previews/sourcing-specific-pieces-62-1762623805795.jpg
Sourcing Specific Pieces,https://www.instagram.com/reel/Cvuhk8Tt9Pq/,Instagram,8.2,145,3120,0.82,Video,Intermediate,0.79,/previews/sourcing-specific-pieces-63-1762623805573.jpg
Sourcing Specific Pieces,https://www.tiktok.com/@emmanoodlee/video/7329985561123474721,Tiktok,6.4,201,4560,0.92,Video,Advanced,0.94,/previews/sourcing-specific-pieces-64-1762623808686.jpg
Sourcing Specific Pieces,https://www.tiktok.com/@2.jeremy/video/7525534855925370143,Tiktok,5.8,178,3890,0.87,Video,Intermediate,0.89,/previews/sourcing-specific-pieces-65-1762623808686.jpg
Sourcing Specific Pieces,https://www.tiktok.com/@stylingwithkenzie/video/7380487341934169375,Tiktok,7.1,223,4780,0.94,Video,Advanced,0.96,/previews/sourcing-specific-pieces-66-1762623811520.jpg
Sourcing Specific Pieces,https://malefashionadvice.substack.com/p/as-promised-my-guide-to-thrifting,Substack,19.2,156,1890,0.85,Article,Advanced,0.82,"https://substackcdn.com/image/fetch/$s_!kwPU!,f_auto,q_auto:best,fl_progressive:steep/https%3A%2F%2Fmalefashionadvice.substack.com%2Ftwitter%2Fsubscribe-card.jpg%3Fv%3D1362620203%26version%3D9"
Sourcing Specific Pieces,https://substack.com/home/post/p-151577200?utm_campaign=post&utm_medium=web,Substack,16.8,134,1670,0.81,Article,Intermediate,0.78,"https://substackcdn.com/image/fetch/$s_!xIC3!,w_1200,h_600,c_fill,f_jpg,q_auto:good,fl_progressive:steep,g_auto/https%3A%2F%2Fsubstack-post-media.s3.amazonaws.com%2Fpublic%2Fimages%2Fe46d6b9d-0f55-4c0f-877d-223e08d073b0_1038x1346.png"
Sourcing Specific Pieces,https://thestylishapple.substack.com/p/the-ultimate-guide-to-shopping-secondhand?utm_campaign=post&utm_medium=web,Substack,22.4,189,2130,0.86,Article,Advanced,0.83,"https://substackcdn.com/image/fetch/$s_!7Hu2!,w_1200,h_600,c_fill,f_jpg,q_auto:good,fl_progressive:steep,g_auto/https%3A%2F%2Fsubstack-post-media.s3.amazonaws.com%2Fpublic%2Fimages%2F9002843e-1f18-4ba5-bdc0-b05035912b8c_1080x953.png"
Sourcing Specific Pieces,https://fashionvrse.substack.com/p/the-best-places-for-online-vintage,Substack,18.6,167,1890,0.84,Article,Advanced,0.81,"https://substackcdn.com/image/fetch/$s_!jR8P!,w_1200,h_600,c_fill,f_jpg,q_auto:good,fl_progressive:steep,g_auto/https%3A%2F%2Fsubstack-post-media.s3.amazonaws.com%2Fpublic%2Fimages%2F70c2e3cc-68dd-4e90-bc93-3a7ca16cdbe9_600x600.heic"
Understanding Sustainable Fashion,https://www.tiktok.com/@sustainablefashionfriend/video/7528065525788839170,Tiktok,6.7,201,4560,0.92,Video,Intermediate,0.94,/previews/understanding-sustainable-fashion-71-1762623812360.jpg
Understanding Sustainable Fashion,https://www.tiktok.com/@sustainablefashionfriend/video/7307955395857812768,Tiktok,7.3,189,4120,0.89,Video,Intermediate,0.91,/previews/understanding-sustainable-fashion-72-1762623814602.jpg
Understanding Sustainable Fashion,https://www.tiktok.com/@anacarolinaharo/video/7514838915728133406,Tiktok,8.1,223,4780,0.94,Video,Advanced,0.96,/previews/understanding-sustainable-fashion-73-1762623815471.jpg
Understanding Sustainable Fashion,https://www.tiktok.com/@itspaogon_/video/7453981122930707754,Instagram,9.4,178,3890,0.87,Video,Advanced,0.89,/previews/understanding-sustainable-fashion-74-1762623817771.jpg
Understanding Sustainable Fashion,https://www.instagram.com/reel/DGdiU6WItHq/,Instagram,8.7,156,3450,0.84,Video,Intermediate,0.81,/previews/understanding-sustainable-fashion-75-1762623817647.jpg
Understanding Sustainable Fashion,https://www.tiktok.com/@sustainablefashionfriend/video/7544276169294630166,Tiktok,7.8,201,4560,0.92,Video,Advanced,0.94,/previews/understanding-sustainable-fashion-76-1762623820534.jpg
Understanding Sustainable Fashion,https://theelephantinmywardrobe.substack.com/p/sustainable-fashion-consumption-isnt,Substack,21.7,189,2130,0.86,Article,Advanced,0.83,"https://substackcdn.com/image/fetch/$s_!jnQY!,w_1200,h_600,c_fill,f_jpg,q_auto:good,fl_progressive:steep,g_auto/https%3A%2F%2Fsubstack-post-media.s3.amazonaws.com%2Fpublic%2Fimages%2F6d9f1761-2e7c-4484-b4d8-3ff7e17383ba_4032x3024.jpeg"
Understanding Sustainable Fashion,https://substack.com/home/post/p-151658240?utm_campaign=post&utm_medium=web,Substack,18.9,167,1890,0.84,Article,Advanced,0.81,"https://substackcdn.com/image/fetch/$s_!2gNs!,w_1200,h_600,c_fill,f_jpg,q_auto:good,fl_progressive:steep,g_auto/https%3A%2F%2Fsubstack-post-media.s3.amazonaws.com%2Fpublic%2Fimages%2Fd80232d8-4381-4f5e-b573-a7ebc23290e4_494x494.jpeg"
Understanding Sustainable Fashion,https://amyodell.substack.com/p/how-sustainable-fashion-became-a,Substack,24.1,201,2340,0.89,Article,Advanced,0.87,https://images.unsplash.com/photo-1598729512070-b2ee1524ce13?crop=entropy&amp;cs=tinysrgb&amp;fit=max&amp;fm=jpg&amp;ixid=M3wzMDAzMzh8MHwxfHNlYXJjaHwyfHxmYXN0JTIwZmFzaGlvbnxlbnwwfHx8fDE3NDM1MTkwMjZ8MA&amp;ixlib=rb-4.0.3&amp;q=80&amp;w=1080
Understanding Sustainable Fashion,https://substack.com/home/post/p-152788937?utm_campaign=post&utm_medium=web,Substack,20.3,178,2130,0.85,Article,Advanced,0.82,"https://substackcdn.com/image/fetch/$s_!uqBf!,w_1200,h_600,c_fill,f_jpg,q_auto:good,fl_progressive:steep,g_auto/https%3A%2F%2Fsubstack-post-media.s3.amazonaws.com%2Fpublic%2Fimages%2F9e42fb6f-c5f9-4e32-87e0-4733cf6c63bf_1024x1024.webp"
Cultural Awareness,https://www.tiktok.com/@ellad3vi/video/7525917346880425246,Tiktok,6.9,189,4120,0.89,Video,Advanced,0.91,/previews/cultural-awareness-81-1762623821378.jpg
Cultural Awareness,https://www.tiktok.com/@okaywendyy/video/6908355946901163266,Tiktok,7.6,167,3890,0.86,Video,Intermediate,0.88,/previews/cultural-awareness-82-1762623823743.jpg
Cultural Awareness,https://www.tiktok.com/@hangingwithmr.jones/video/7541875875839626509,Tiktok,8.3,201,4560,0.92,Video,Advanced,0.94,/previews/cultural-awareness-83-1762623824610.jpg
Cultural Awareness,https://www.tiktok.com/@frontoffice.co/video/7494875699333975303,Tiktok,6.1,145,3120,0.82,Video,Intermediate,0.79,/previews/cultural-awareness-84-1762623827261.jpg
Cultural Awareness,https://www.instagram.com/reel/DNcAWCmvY64/,Instagram,9.2,178,3890,0.87,Video,Advanced,0.89,/previews/cultural-awareness-85-1762623826714.jpg
Cultural Awareness,https://www.instagram.com/reel/DKqLpovshiQ/,Instagram,8.6,156,3450,0.84,Video,Intermediate,0.81,/previews/cultural-awareness-86-1762623828828.jpg
Cultural Awareness,https://substack.com/home/post/p-174009109,Substack,19.4,134,1670,0.81,Article,Advanced,0.78,"https://substackcdn.com/image/fetch/$s_!axQc!,w_1200,h_600,c_fill,f_jpg,q_auto:good,fl_progressive:steep,g_auto/https%3A%2F%2Fsubstack-post-media.s3.amazonaws.com%2Fpublic%2Fimages%2F97a7bc28-8e7e-40f2-b932-1f133a1a93ba_522x540.jpeg"
Cultural Awareness,https://gracielamartin.substack.com/p/cultural-appropriation-identity-cliches,Substack,22.8,189,2130,0.86,Article,Advanced,0.83,"https://substackcdn.com/image/fetch/$s_!1t2D!,w_1200,h_600,c_fill,f_jpg,q_auto:good,fl_progressive:steep,g_auto/https%3A%2F%2Fsubstack-post-media.s3.amazonaws.com%2Fpublic%2Fimages%2F12cbd660-e0b4-4280-8ef6-5df1d28a7393_1200x848.jpeg"
Cultural Awareness,https://ghv2025.substack.com/p/fashion-cultural-pride-rebellion,Substack,20.6,167,1890,0.84,Article,Advanced,0.81,"https://substackcdn.com/image/fetch/$s_!M8VD!,w_1200,h_600,c_fill,f_jpg,q_auto:good,fl_progressive:steep,g_auto/https%3A%2F%2Fsubstack-post-media.s3.amazonaws.com%2Fpublic%2Fimages%2F3f40963b-9f32-426e-bf8d-c24bc3c9b8e5_1024x676.jpeg"
Cultural Awareness,https://artindexafrica.substack.com/p/from-culture-to-couture-african-arts,Substack,23.1,201,2340,0.89,Article,Advanced,0.87,"https://substackcdn.com/image/fetch/$s_!dTid!,w_1200,h_600,c_fill,f_jpg,q_auto:good,fl_progressive:steep,g_auto/https%3A%2F%2Fsubstack-post-media.s3.amazonaws.com%2Fpublic%2Fimages%2Fa570d350-d35e-4c37-b008-5d4a80c80d95_687x826.png"